Player,Nation,Pos,Squad,Age,Born,MP,Starts,Min,Gls,Ast,G+A,G-PK,PK,CrdY,CrdR,xG,xAG,npxG,Market_Value_M
Paulinho Silva,MEX,DF,Guadalajara,28,1997,3,2,212,2,3,5,2,0,4,0,3.33,4.76,3.33,4.49
Erick Aguirre,MEX,MF,Cruz Azul,21,2004,14,2,180,2,2,4,2,0,7,0,0.0,1.66,0.0,3.23
Jonathan dos Santos,MEX,FW,UNAM,31,1994,4,4,360,7,3,10,7,0,0,0,6.22,3.87,6.22,2.74
Lionel Messi,MEX,FW,Querétaro,24,2001,8,8,720,4,2,6,2,2,1,0,2.73,1.01,1.21,4.1
Jonathan Orozco,BRA,DF,UANL,23,2002,16,0,128,0,1,1,0,0,2,0,2.56,2.05,2.56,4.26
Matheus Doria,MEX,FW,Monterrey,26,1999,9,2,306,8,0,8,8,0,1,0,8.44,0.0,8.44,8.33
Uriel Antuna,MEX,MF,Cruz Azul,22,2003,21,15,1464,4,7,11,4,0,6,0,5.18,8.56,5.18,3.94
Julián Araujo,MEX,DF,Atlético San Luis,20,2005,17,16,1483,3,0,3,3,0,4,0,2.81,0.89,2.81,4.89
Julio Furch,MEX,DF,Guadalajara,28,1997,26,2,1116,0,2,2,0,0,1,0,0.14,0.97,0.14,3.94
Omar Govea,MEX,MF,Pachuca,21,2004,10,6,640,8,3,11,8,0,0,0,7.27,3.1,7.27,9.35
Orbelin Pineda,COL,GK,FC Juárez,22,2003,1,1,90,0,0,0,0,0,5,0,0.0,0.0,0.0,2.28
Nico Castillo,MEX,MF,Puebla,28,1997,16,12,1244,3,1,4,3,0,1,0,1.84,2.99,1.84,4.05
Néstor Araujo,USA,DF,Atlético San Luis,27,1998,5,5,450,1,2,3,1,0,1,0,4.37,1.72,4.37,4.88
Andrés Guardado,MEX,DF,UNAM,33,1992,23,9,866,1,0,1,1,0,7,0,1.0,0.91,1.0,1.37
César Montes,MEX,MF,Atlético San Luis,28,1997,24,11,1432,7,1,8,7,0,7,0,7.19,0.42,7.19,6.59
Rodolfo Cota,MEX,DF,América,26,1999,26,20,2064,1,3,4,1,0,2,0,3.81,5.03,3.81,3.35
Pablo Barrera,COL,MF,Toluca,19,2006,23,12,1322,3,4,7,3,0,7,0,3.54,4.39,3.54,4.41
Gastón Campi,MEX,DF,Atlético San Luis,25,2000,25,19,1830,3,1,4,3,0,6,0,0.0,3.12,0.0,5.14
Cucho Hernández,BRA,DF,Puebla,22,2003,7,5,474,0,2,2,0,0,7,0,0.37,0.1,0.37,2.69
Sebastián Córdova,ECU,FW,FC Juárez,26,1999,4,3,275,7,7,14,7,0,7,0,6.18,4.05,6.18,9.4
Facundo Almada,MEX,FW,Necaxa,24,2001,21,10,1296,3,3,6,1,2,3,0,2.84,4.72,1.32,3.33
José Juan Macías,MEX,MF,UANL,23,2002,8,3,395,2,3,5,2,0,4,0,1.03,1.08,1.03,2.87
Santiago Giménez,HON,GK,Mazatlán,32,1993,25,1,306,0,0,0,0,0,7,0,0.0,1.42,0.0,1.53
Jesús Corona,MEX,FW,FC Juárez,24,2001,3,2,180,1,7,8,1,0,2,0,0.0,6.22,0.0,5.11
Kevin Castañeda,MEX,MF,Guadalajara,22,2003,26,25,2283,5,10,15,5,0,2,0,4.54,10.99,4.54,5.94
Ernesto Vega,USA,MF,UANL,34,1991,23,9,1034,4,5,9,4,0,7,0,4.55,3.87,4.55,3.69
Henry Martín,CRC,MF,Cruz Azul,20,2005,21,4,649,1,1,2,1,0,1,0,1.76,0.0,1.76,2.77
Gastón Campi,MEX,GK,León,25,2000,22,14,1492,0,0,0,0,0,0,0,0.0,0.0,0.0,3.42
Alexis Vega,ECU,MF,FC Juárez,29,1996,14,9,945,3,5,8,3,0,6,0,3.1,6.83,3.1,6.64
Daniel Villalva,COL,MF,Santos Laguna,18,2007,22,11,1254,5,4,9,5,0,1,0,3.69,2.34,3.69,3.22
Héctor Herrera,USA,DF,Querétaro,25,2000,11,7,662,0,3,3,0,0,3,1,0.0,3.47,0.0,6.08
Johan Vásquez,USA,MF,UANL,25,2000,15,10,935,5,5,10,5,0,2,0,4.7,5.57,4.7,5.43
Luis Fuentes,MEX,MF,Santos Laguna,28,1997,20,0,720,0,4,4,0,0,1,0,0.0,4.54,0.0,5.56
Víctor Guzmán,MEX,DF,León,28,1997,1,1,90,0,5,5,0,0,5,0,0.98,3.45,0.98,5.59
Mauricio Reyes,MEX,FW,Tijuana,23,2002,6,0,132,5,3,8,3,2,6,0,1.65,4.1,0.13,7.85
Alvarado Ciro,PAR,MF,Toluca,30,1995,25,0,900,2,4,6,2,0,3,0,0.83,1.36,0.83,6.02
Diego Lainez,MEX,MF,Monterrey,31,1994,26,10,1316,3,4,7,3,0,6,0,6.0,6.93,6.0,4.94
Federico Viñas,ARG,MF,Necaxa,26,1999,24,4,500,3,1,4,3,0,1,0,2.51,0.44,2.51,2.61
Hugo González,MEX,FW,Guadalajara,19,2006,9,4,400,7,3,10,7,0,6,0,9.29,2.77,9.29,3.01
Gilberto Sepúlveda,MEX,DF,Guadalajara,27,1998,22,17,1630,2,3,5,2,0,5,0,0.41,1.66,0.41,2.62
Jonathan Rodríguez,MEX,GK,FC Juárez,23,2002,14,2,192,0,0,0,0,0,5,0,0.16,0.0,0.16,1.35
Sebastián Jurado,MEX,DF,Guadalajara,37,1988,3,3,270,0,2,2,0,0,4,0,0.73,1.07,0.73,2.0
Jürgen Damm,ARG,DF,Cruz Azul,23,2002,1,1,90,0,3,3,0,0,4,0,0.73,4.98,0.73,2.81
Edson Álvarez,MEX,GK,Tijuana,21,2004,23,20,1854,0,0,0,0,0,0,0,2.05,1.15,2.05,1.7
Rodrigo Huescas,MEX,FW,Santos Laguna,30,1995,9,1,434,7,5,12,6,1,1,0,5.99,3.8,5.23,9.64
Guillermo Ochoa,USA,GK,Monterrey,33,1992,21,9,1230,0,0,0,0,0,4,0,0.0,0.0,0.0,2.37
Ozziel Herrera,MEX,MF,UNAM,25,2000,3,1,156,3,4,7,3,0,0,0,2.28,6.76,2.28,7.45
Roberto Alvarado,MEX,MF,Pachuca,29,1996,17,16,1449,2,10,12,2,0,7,0,1.11,9.63,1.11,3.81
Bruno Valdez,ARG,GK,Toluca,26,1999,9,2,229,0,0,0,0,0,6,0,1.69,0.0,1.69,2.46
Miguel Layún,MEX,GK,Toluca,24,2001,2,2,180,0,0,0,0,0,6,0,0.0,0.0,0.0,1.87
Brayton Vidal,ARG,MF,FC Juárez,31,1994,13,1,474,3,2,5,3,0,2,0,4.07,2.06,4.07,1.64
Víctor Dávila,MEX,DF,FC Juárez,29,1996,15,8,783,0,2,2,0,0,7,0,0.47,1.99,0.47,2.3
Stiven Barreiro,MEX,GK,Monterrey,25,2000,14,14,1260,0,0,0,0,0,3,0,0.0,0.0,0.0,3.85
André-Pierre Gignac,MEX,GK,Monterrey,35,1990,25,6,597,0,0,0,0,0,4,0,0.0,1.4,0.0,0.68
Giovani Dos Santos,BRA,DF,León,32,1993,6,4,368,1,3,4,1,0,0,0,0.0,6.8,0.0,4.1
Israel Reyes,ARG,MF,UANL,25,2000,24,2,774,1,2,3,1,0,1,0,2.69,2.15,2.69,3.94
Oribe Peralta,MEX,MF,Atlas,26,1999,18,5,918,2,7,9,2,0,2,0,2.88,6.57,2.88,4.3
Marco García,COL,MF,Atlético San Luis,30,1995,27,5,582,4,3,7,4,0,3,1,5.75,4.88,5.75,3.48
Nicolás Vikonis,MEX,DF,Mazatlán,27,1998,8,1,251,1,1,2,1,0,3,0,2.78,0.72,2.78,5.06
Juan Dinenno,BRA,DF,UNAM,29,1996,22,0,462,1,4,5,1,0,1,1,2.47,5.88,2.47,2.17
Fernando Beltrán,MEX,FW,América,25,2000,13,8,910,7,1,8,7,0,2,0,7.65,1.29,7.65,10.76
Matheus Doria,MEX,FW,Monterrey,25,2000,29,2,828,6,2,8,5,1,2,0,6.53,2.62,5.77,7.83
Jorge Sánchez,MEX,MF,Mazatlán,24,2001,20,3,406,2,4,6,2,0,6,0,1.32,1.09,1.32,6.33
José Paradela,URU,FW,Guadalajara,29,1996,9,0,99,6,2,8,5,1,5,0,7.27,1.68,6.51,10.83
Ricardo Chávez,COL,MF,Mazatlán,25,2000,10,6,712,2,2,4,2,0,7,0,4.72,2.43,4.72,5.69
Germán Berterame,MEX,FW,Puebla,26,1999,26,21,2015,3,5,8,3,0,6,0,4.43,7.01,4.43,3.56
Florian Ayala,ARG,MF,Necaxa,25,2000,22,4,918,2,3,5,2,0,4,0,1.5,3.42,1.5,6.78
Rogelio Funes Mori,MEX,DF,Monterrey,26,1999,4,1,189,3,3,6,3,0,6,0,4.57,4.77,4.57,5.91
Rodrigo Aguirre,MEX,FW,UNAM,31,1994,12,1,486,8,4,12,8,0,6,0,7.3,4.42,7.3,5.09
Mauro Lainez,MEX,FW,Puebla,30,1995,29,19,1840,3,3,6,2,1,3,0,2.12,3.01,1.36,9.22
Emanuel Gigliotti,MEX,GK,Pachuca,26,1999,24,14,1680,0,0,0,0,0,3,0,0.6,2.51,0.6,1.34
Brian Rodríguez,ARG,FW,Atlético San Luis,25,2000,8,1,230,7,5,12,7,0,0,0,7.3,5.54,7.3,11.67
Alfredo Talavera,MEX,MF,Atlético San Luis,30,1995,9,4,420,1,8,9,1,0,4,0,0.62,9.18,0.62,4.33
Hirving Lozano,MEX,MF,Toluca,20,2005,29,24,2320,2,3,5,2,0,1,0,0.0,2.18,0.0,5.95
Rodolfo Pizarro,MEX,DF,Necaxa,25,2000,11,6,565,2,3,5,2,0,2,0,0.0,3.16,0.0,6.66
Alan Mozo,MEX,DF,América,27,1998,21,19,1762,2,0,2,2,0,4,0,0.92,1.87,0.92,1.82
Raúl Jiménez,COL,DF,Pachuca,23,2002,24,16,1768,0,2,2,0,0,4,0,0.77,1.45,0.77,5.14
Armando González,MEX,MF,León,30,1995,24,24,2160,4,4,8,4,0,6,0,7.33,2.51,7.33,7.1
Leonardo Suárez,MEX,DF,Guadalajara,26,1999,28,6,1222,1,1,2,1,0,6,0,0.78,0.48,0.78,3.08
Sebastián Driussi,MEX,MF,Toluca,23,2002,24,13,1368,4,5,9,4,0,3,0,5.86,4.74,5.86,4.04
Mauro Manotas,ARG,FW,Atlas,18,2007,3,1,100,5,2,7,3,2,7,0,5.56,3.57,4.04,5.09
Luis Romo,MEX,GK,Atlético San Luis,28,1997,8,3,280,0,0,0,0,0,4,0,0.0,0.0,0.0,2.91
Stiven Barreiro,MEX,FW,Guadalajara,23,2002,7,7,630,4,2,6,4,0,2,0,4.34,0.54,4.34,5.01
Lucas Zelarayán,MEX,FW,UNAM,23,2002,22,10,1068,11,1,12,10,1,5,0,11.8,0.0,11.04,10.54
Charly Rodríguez,COL,DF,América,25,2000,14,5,468,3,2,5,3,0,6,0,4.23,2.29,4.23,4.06
Israel Jiménez,MEX,GK,UANL,22,2003,2,2,180,0,0,0,0,0,1,0,1.72,0.0,1.72,1.03
Paulinho Silva 90,MEX,MF,Pachuca,23,2002,9,2,320,1,2,3,1,0,0,0,0.0,2.19,0.0,2.84
Erick Aguirre 91,MEX,MF,UNAM,26,1999,5,3,338,5,2,7,5,0,1,0,6.29,1.04,6.29,6.42
Lionel Messi 93,ARG,DF,América,25,2000,8,2,420,2,1,3,2,0,0,0,2.44,0.12,2.44,3.58
Carlos Vela 94,MEX,FW,Guadalajara,25,2000,11,6,705,6,2,8,4,2,7,1,7.38,3.31,5.86,8.28
Jonathan Orozco 95,MEX,DF,Atlas,28,1997,11,3,382,2,3,5,2,0,7,0,0.8,2.83,0.8,2.9
Ismael Govea 96,MEX,MF,Atlas,24,2001,4,0,160,4,4,8,4,0,1,0,3.62,2.71,3.62,8.94
Matheus Doria 97,MEX,DF,León,27,1998,28,25,2322,0,3,3,0,0,6,0,0.0,4.36,0.0,5.36
Uriel Antuna 98,MEX,MF,Tijuana,20,2005,11,5,576,2,2,4,2,0,2,0,2.35,1.37,2.35,3.21
Julián Araujo 99,ARG,MF,Pachuca,28,1997,3,2,198,1,5,6,1,0,3,0,1.81,5.41,1.81,4.31
Julio Furch 100,MEX,MF,Santos Laguna,29,1996,27,26,2341,3,3,6,3,0,2,0,3.88,2.85,3.88,6.58
Omar Govea 101,PAR,FW,UANL,27,1998,4,4,360,6,3,9,5,1,2,0,5.17,6.07,4.41,8.67
Orbelin Pineda 102,MEX,GK,UNAM,32,1993,28,27,2448,0,0,0,0,0,5,0,2.34,0.0,2.34,2.33
Nico Castillo 103,COL,DF,UANL,25,2000,19,15,1526,0,2,2,0,0,2,0,0.72,0.36,0.72,4.64
Néstor Araujo 104,MEX,DF,Querétaro,20,2005,15,5,580,3,2,5,3,0,5,0,2.98,2.86,2.98,3.58
Andrés Guardado 105,MEX,MF,Querétaro,32,1993,3,1,140,5,1,6,5,0,0,0,4.96,3.13,4.96,1.63
César Montes 106,MEX,DF,León,27,1998,24,24,2160,0,1,1,0,0,1,0,0.0,2.06,0.0,4.07
Rodolfo Cota 107,MEX,FW,Santos Laguna,23,2002,9,3,522,4,2,6,2,2,7,0,4.37,2.1,2.85,3.15
Pablo Barrera 108,MEX,MF,Necaxa,27,1998,5,2,246,4,2,6,4,0,6,0,3.99,1.12,3.99,5.38
Gastón Campi 109,MEX,DF,América,22,2003,7,5,482,1,2,3,1,0,1,0,0.0,2.78,0.0,3.05
Cucho Hernández 110,MEX,MF,Toluca,31,1994,10,2,428,1,6,7,1,0,1,0,1.09,5.65,1.09,4.76
Sebastián Córdova 111,MEX,GK,América,19,2006,8,0,328,0,0,0,0,0,3,0,0.0,0.0,0.0,1.67
Facundo Almada 112,CRC,MF,Pachuca,26,1999,24,8,1280,3,5,8,3,0,2,0,0.84,5.95,0.84,3.36
José Juan Macías 113,MEX,GK,Guadalajara,24,2001,28,15,1896,0,0,0,0,0,5,0,1.51,0.0,1.51,3.5
Santiago Giménez 114,MEX,MF,Necaxa,25,2000,21,20,1829,3,1,4,3,0,0,0,3.45,2.42,3.45,3.23
Jesús Corona 115,MEX,FW,Monterrey,36,1989,9,3,492,9,3,12,9,0,2,0,8.15,2.51,8.15,7.13
Kevin Castañeda 116,ARG,MF,Atlético San Luis,27,1998,27,2,980,2,2,4,2,0,7,0,2.57,1.52,2.57,2.24
Ernesto Vega 117,MEX,MF,Cruz Azul,28,1997,6,6,540,0,7,7,0,0,6,0,0.41,7.78,0.41,4.47
Henry Martín 118,COL,MF,Mazatlán,18,2007,14,10,976,0,1,1,0,0,3,1,1.27,1.65,1.27,4.54
Gastón Campi 119,COL,DF,León,29,1996,28,18,1750,0,0,0,0,0,0,1,0.0,0.0,0.0,2.53
Alexis Vega 120,MEX,MF,Mazatlán,30,1995,4,2,186,6,5,11,6,0,4,0,4.7,3.53,4.7,3.03
Daniel Villalva 121,ARG,FW,León,29,1996,17,1,458,3,3,6,3,0,2,0,2.48,2.57,2.48,8.37
Héctor Herrera 122,MEX,MF,UNAM,28,1997,3,1,176,5,3,8,5,0,0,0,3.99,2.48,3.99,5.24
Johan Vásquez 123,MEX,DF,Cruz Azul,23,2002,13,3,390,2,3,5,2,0,1,0,0.0,2.62,0.0,6.11
Luis Fuentes 124,MEX,FW,León,26,1999,27,6,1380,2,3,5,2,0,4,0,4.0,3.7,4.0,8.13
Víctor Guzmán 125,HON,FW,Guadalajara,27,1998,26,4,514,1,2,3,0,1,0,0,0.43,2.69,0.0,4.81
Mauricio Reyes 126,BRA,DF,Puebla,28,1997,29,8,909,0,1,1,0,0,0,0,0.0,1.85,0.0,1.8
Alvarado Ciro 127,URU,DF,UANL,26,1999,6,2,240,3,1,4,3,0,5,0,4.2,0.76,4.2,3.21
Diego Lainez 128,ARG,FW,UANL,33,1992,23,8,1275,11,2,13,11,0,0,0,9.88,0.67,9.88,5.6
Federico Viñas 129,MEX,MF,Santos Laguna,25,2000,11,10,910,3,4,7,3,0,2,0,2.29,3.98,2.29,3.29
Hugo González 130,MEX,GK,Mazatlán,24,2001,10,4,576,0,0,0,0,0,6,0,2.4,0.0,2.4,3.83
Gilberto Sepúlveda 131,MEX,FW,León,26,1999,15,13,1202,7,2,9,5,2,6,0,5.11,0.96,3.59,4.94
Jonathan Rodríguez 132,BRA,DF,Cruz Azul,28,1997,3,3,270,1,1,2,1,0,0,0,0.02,0.44,0.02,4.75
Sebastián Jurado 133,MEX,MF,América,25,2000,12,5,590,2,2,4,2,0,3,0,0.64,2.03,0.64,5.48
Jürgen Damm 134,MEX,DF,UNAM,23,2002,11,8,768,2,4,6,2,0,7,0,4.06,5.4,4.06,3.29
Edson Álvarez 135,MEX,DF,Cruz Azul,25,2000,14,12,1140,3,5,8,3,0,5,1,3.32,7.07,3.32,8.19
Rodrigo Huescas 136,MEX,FW,Atlas,30,1995,15,4,492,8,2,10,8,0,4,0,5.84,1.05,5.84,2.93
Guillermo Ochoa 137,MEX,DF,UANL,24,2001,23,1,992,0,1,1,0,0,6,0,1.47,2.48,1.47,2.39
Efraín Álvarez 138,MEX,DF,Atlas,30,1995,17,8,981,2,1,3,2,0,5,0,2.42,1.01,2.42,4.3
Ozziel Herrera 139,ARG,DF,Tijuana,30,1995,20,20,1800,0,1,1,0,0,3,0,0.34,1.51,0.34,2.0
Roberto Alvarado 140,ARG,FW,Tijuana,23,2002,25,16,1692,3,1,4,3,0,3,0,0.69,1.99,0.69,5.05
Bruno Valdez 141,MEX,FW,León,22,2003,4,1,132,6,4,10,6,0,0,0,6.83,3.57,6.83,4.4
Miguel Layún 142,MEX,MF,UNAM,26,1999,12,4,688,2,5,7,2,0,4,0,1.57,4.66,1.57,7.98
Brayton Vidal 143,COL,DF,Atlético San Luis,27,1998,22,21,1922,2,2,4,2,0,5,0,2.21,1.59,2.21,5.57
Víctor Dávila 144,MEX,DF,Pachuca,26,1999,12,4,432,0,1,1,0,0,6,0,0.0,0.74,0.0,4.82
Stiven Barreiro 145,MEX,FW,Pachuca,18,2007,26,5,450,6,3,9,6,0,5,0,6.15,4.86,6.15,6.7
André-Pierre Gignac 146,URU,MF,UNAM,28,1997,8,0,176,3,1,4,3,0,6,0,5.92,0.88,5.92,5.25
Giovani Dos Santos 147,HON,FW,UNAM,19,2006,5,3,290,4,3,7,2,2,6,0,4.49,2.56,2.97,4.22
Israel Reyes 148,MEX,FW,FC Juárez,27,1998,9,1,290,1,2,3,0,2,7,0,3.62,2.05,2.1,6.93
Oribe Peralta 149,USA,MF,Monterrey,28,1997,18,13,1215,2,6,8,2,0,0,0,4.42,4.68,4.42,8.34
Nicolás Vikonis 151,MEX,DF,UNAM,26,1999,7,0,133,2,0,2,2,0,3,0,0.12,0.73,0.12,3.54
Juan Dinenno 152,MEX,GK,Atlético San Luis,25,2000,13,12,1089,0,0,0,0,0,6,0,0.0,4.2,0.0,2.18
Fernando Beltrán 153,MEX,GK,Cruz Azul,20,2005,26,13,1378,0,0,0,0,0,3,0,0.0,0.95,0.0,1.8
Matheus Doria 154,MEX,DF,Guadalajara,19,2006,9,4,360,0,4,4,0,0,1,0,0.05,4.66,0.05,1.8
Jorge Sánchez 155,HON,FW,Toluca,36,1989,8,4,440,8,4,12,6,2,1,0,7.02,5.46,5.5,5.75
Ricardo Chávez 157,MEX,DF,Puebla,23,2002,19,3,910,1,1,2,1,0,5,0,2.3,1.7,2.3,2.68
Germán Berterame 158,ECU,FW,Puebla,23,2002,21,7,840,5,1,6,3,2,0,0,7.13,1.78,5.61,7.3
Florian Ayala 159,MEX,MF,FC Juárez,19,2006,4,0,160,2,2,4,2,0,0,0,1.69,1.92,1.69,3.06
Rogelio Funes Mori 160,MEX,MF,UANL,27,1998,16,14,1348,3,3,6,3,0,2,0,2.33,1.18,2.33,6.37
Nicolás Ibanez 162,MEX,DF,Atlético San Luis,25,2000,5,2,213,1,2,3,1,0,7,0,0.64,1.16,0.64,4.7
Emanuel Gigliotti 164,CRC,DF,Santos Laguna,25,2000,5,1,190,1,1,2,1,0,2,0,0.0,1.47,0.0,2.7
Brian Rodríguez 165,MEX,MF,Santos Laguna,35,1990,23,6,982,2,4,6,2,0,0,0,3.22,2.62,3.22,3.66
Alfredo Talavera 166,MEX,DF,UNAM,34,1991,27,21,2010,0,3,3,0,0,0,0,0.0,3.05,0.0,3.79
Hirving Lozano 167,COL,DF,Santos Laguna,24,2001,10,5,635,0,0,0,0,0,2,0,0.0,0.0,0.0,4.11
Rodolfo Pizarro 168,MEX,DF,Puebla,32,1993,25,8,1417,1,2,3,1,0,5,0,3.07,0.83,3.07,3.37
Alan Mozo 169,MEX,DF,Tijuana,18,2007,18,5,684,1,3,4,1,0,4,0,0.41,4.76,0.41,3.11
Raúl Jiménez 170,USA,FW,FC Juárez,24,2001,26,10,1492,6,1,7,6,0,2,0,8.04,1.03,8.04,11.33
Armando González 171,ARG,DF,Puebla,18,2007,6,1,90,1,6,7,1,0,1,0,0.84,6.94,0.84,2.91
Leonardo Suárez 172,USA,DF,Querétaro,25,2000,10,0,410,0,1,1,0,0,0,0,0.49,0.43,0.49,4.09
Sebastián Driussi 173,MEX,DF,FC Juárez,30,1995,25,21,1922,0,1,1,0,0,6,0,0.0,1.89,0.0,3.48
Mauro Manotas 174,BRA,MF,América,27,1998,17,10,1117,3,3,6,3,0,2,0,0.24,2.82,0.24,6.63
Luis Romo 175,MEX,FW,Atlas,23,2002,1,1,90,9,2,11,7,2,4,0,9.65,1.03,8.13,12.0
Stiven Barreiro 176,HON,MF,Toluca,28,1997,11,8,726,4,8,12,4,0,4,0,6.0,8.4,6.0,2.69
Lucas Zelarayán 177,BRA,DF,Mazatlán,24,2001,19,15,1354,0,4,4,0,0,1,0,0.0,4.25,0.0,6.28
Charly Rodríguez 178,MEX,DF,Santos Laguna,20,2005,27,22,1995,1,2,3,1,0,0,0,0.0,2.78,0.0,3.59
Israel Jiménez 179,MEX,MF,América,21,2004,25,3,424,3,2,5,3,0,2,0,4.0,0.9,4.0,2.8
Paulinho Silva 180,URU,MF,UANL,28,1997,26,3,1213,3,3,6,3,0,5,0,5.16,2.09,5.16,6.2
Erick Aguirre 181,MEX,DF,Pachuca,23,2002,2,1,101,1,3,4,1,0,4,0,2.98,3.87,2.98,2.75
Jonathan dos Santos 182,MEX,DF,Mazatlán,29,1996,15,14,1263,2,2,4,2,0,5,1,0.15,1.77,0.15,5.04
Lionel Messi 183,MEX,FW,Cruz Azul,20,2005,14,1,155,6,9,15,6,0,4,0,9.67,7.59,9.67,3.76
Carlos Vela 184,MEX,GK,Pachuca,21,2004,23,14,1638,0,0,0,0,0,2,0,1.67,0.0,1.67,3.34
Jonathan Orozco 185,MEX,MF,Pachuca,19,2006,25,19,1818,4,8,12,4,0,7,0,5.41,7.57,5.41,3.36
Ismael Govea 186,MEX,GK,Monterrey,32,1993,7,3,270,0,0,0,0,0,5,0,0.53,0.68,0.53,1.7
Matheus Doria 187,MEX,DF,Mazatlán,22,2003,16,0,672,1,7,8,1,0,3,0,1.26,6.64,1.26,2.09
Uriel Antuna 188,MEX,GK,Atlas,26,1999,23,15,1686,0,0,0,0,0,6,0,1.11,0.51,1.11,2.04
Julián Araujo 189,MEX,FW,León,24,2001,10,0,300,5,5,10,4,1,7,0,4.73,3.14,3.97,5.19
Julio Furch 190,ECU,MF,Monterrey,28,1997,29,29,2610,3,3,6,3,0,6,0,1.17,2.96,1.17,5.57
Omar Govea 191,BRA,MF,Monterrey,22,2003,14,7,868,0,6,6,0,0,0,0,0.0,5.39,0.0,5.86
Orbelin Pineda 192,MEX,MF,Atlas,32,1993,8,3,395,3,5,8,3,0,5,0,3.54,6.88,3.54,6.5
Nico Castillo 193,MEX,DF,FC Juárez,24,2001,25,25,2250,1,3,4,1,0,5,0,0.0,3.35,0.0,3.92
Néstor Araujo 194,MEX,FW,América,32,1993,25,5,710,8,3,11,7,1,1,0,11.05,3.8,10.29,5.77
Andrés Guardado 195,MEX,DF,FC Juárez,31,1994,15,12,1128,0,3,3,0,0,6,0,1.11,4.2,1.11,2.7
César Montes 196,USA,MF,FC Juárez,31,1994,18,12,1332,0,5,5,0,0,3,0,0.0,4.22,0.0,5.68
Rodolfo Cota 197,MEX,FW,León,26,1999,3,2,213,8,1,9,8,0,7,0,10.87,2.04,10.87,11.79
Pablo Barrera 198,MEX,FW,Atlas,26,1999,9,0,306,4,3,7,4,0,2,0,5.94,4.05,5.94,6.14
Gastón Campi 199,CRC,DF,FC Juárez,20,2005,20,16,1600,0,2,2,0,0,3,0,0.0,1.02,0.0,2.35
Cucho Hernández 200,ECU,MF,Atlas,25,2000,6,3,348,1,5,6,1,0,1,0,2.05,7.49,2.05,4.04
Sebastián Córdova 201,MEX,DF,Cruz Azul,24,2001,27,15,1518,2,4,6,2,0,5,0,1.06,3.61,1.06,2.76
Facundo Almada 202,MEX,FW,FC Juárez,21,2004,29,14,1470,5,7,12,5,0,1,0,4.94,7.56,4.94,7.88
José Juan Macías 203,MEX,MF,Querétaro,28,1997,27,15,1362,1,3,4,1,0,4,0,0.0,3.7,0.0,3.96
Santiago Giménez 204,BRA,GK,León,23,2002,20,11,990,0,0,0,0,0,6,0,0.0,0.0,0.0,1.3
Jesús Corona 205,COL,DF,Santos Laguna,25,2000,17,5,858,0,2,2,0,0,5,0,0.0,0.0,0.0,2.24
Kevin Castañeda 206,COL,FW,Atlas,22,2003,21,2,275,6,5,11,4,2,2,1,2.65,5.09,1.13,10.19
Ernesto Vega 207,MEX,DF,Cruz Azul,19,2006,26,15,1823,2,1,3,2,0,1,0,0.4,0.0,0.4,2.16
Henry Martín 208,MEX,DF,Puebla,27,1998,4,4,360,0,2,2,0,0,0,0,0.0,4.11,0.0,4.68
Gastón Campi 209,USA,FW,Toluca,26,1999,10,8,750,9,4,13,9,0,4,0,8.92,5.46,8.92,6.45
Alexis Vega 210,ARG,FW,Cruz Azul,21,2004,17,8,882,8,3,11,6,2,3,0,9.79,1.45,8.27,7.11
Daniel Villalva 211,MEX,DF,América,28,1997,25,9,1018,2,1,3,2,0,1,0,1.31,0.0,1.31,1.46
Héctor Herrera 212,MEX,DF,Querétaro,22,2003,25,9,1082,0,0,0,0,0,4,0,0.0,0.0,0.0,4.22
Johan Vásquez 213,MEX,DF,Necaxa,31,1994,10,3,536,0,0,0,0,0,7,0,3.64,1.56,3.64,2.02
Luis Fuentes 214,MEX,DF,Mazatlán,21,2004,29,16,1895,2,2,4,2,0,2,0,1.54,0.0,1.54,4.27
Víctor Guzmán 215,BRA,MF,Querétaro,24,2001,27,22,2120,1,3,4,1,0,6,0,0.86,2.5,0.86,3.31
Mauricio Reyes 216,URU,FW,UNAM,21,2004,19,5,520,5,2,7,3,2,6,0,3.87,1.93,2.35,3.95
Alvarado Ciro 217,COL,MF,Cruz Azul,24,2001,19,1,252,4,5,9,4,0,1,0,2.57,4.19,2.57,6.95
Diego Lainez 218,MEX,DF,UNAM,24,2001,10,10,900,1,0,1,1,0,7,0,2.34,0.0,2.34,3.99
Federico Viñas 219,ARG,DF,Atlas,24,2001,22,9,1278,1,0,1,1,0,7,0,0.01,0.41,0.01,3.16
Hugo González 220,MEX,DF,América,26,1999,25,1,546,2,4,6,2,0,3,0,1.54,4.46,1.54,4.44
Gilberto Sepúlveda 221,COL,MF,Santos Laguna,31,1994,24,13,1533,3,8,11,3,0,7,0,3.98,6.63,3.98,4.99
Jonathan Rodríguez 222,MEX,MF,Mazatlán,28,1997,7,5,512,5,4,9,5,0,5,1,7.91,4.7,7.91,5.95
Sebastián Jurado 223,COL,FW,Atlas,18,2007,5,0,140,5,1,6,5,0,5,0,4.95,1.33,4.95,8.5
Edson Álvarez 225,MEX,GK,Querétaro,30,1995,20,14,1524,0,0,0,0,0,3,0,0.0,0.5,0.0,2.06
Rodrigo Huescas 226,BRA,DF,Pachuca,30,1995,19,11,1102,1,2,3,1,0,5,0,1.7,4.37,1.7,3.67
Guillermo Ochoa 227,MEX,FW,Guadalajara,25,2000,20,14,1296,7,1,8,7,0,3,0,8.15,2.21,8.15,7.18
Efraín Álvarez 228,MEX,MF,FC Juárez,29,1996,13,6,729,4,1,5,4,0,5,0,0.84,0.0,0.84,3.88
Ozziel Herrera 229,ECU,MF,Puebla,25,2000,6,1,275,3,2,5,3,0,2,0,1.5,2.08,1.5,2.9
Roberto Alvarado 230,MEX,GK,América,22,2003,7,5,466,0,0,0,0,0,3,0,1.03,0.0,1.03,2.37
Bruno Valdez 231,MEX,DF,Mazatlán,21,2004,29,15,1826,0,2,2,0,0,5,0,1.8,2.38,1.8,4.11
Brayton Vidal 233,MEX,GK,Necaxa,29,1996,11,1,520,0,0,0,0,0,3,1,0.55,0.27,0.55,2.91
Víctor Dávila 234,MEX,DF,UNAM,22,2003,2,2,180,1,0,1,1,0,6,0,1.01,0.67,1.01,1.97
Stiven Barreiro 235,MEX,MF,FC Juárez,24,2001,5,4,401,3,1,4,3,0,4,0,3.65,0.24,3.65,2.19
André-Pierre Gignac 236,HON,FW,Puebla,24,2001,26,19,1731,1,4,5,0,1,7,0,1.86,4.73,1.1,6.33
Giovani Dos Santos 237,COL,FW,Santos Laguna,28,1997,24,16,1632,8,0,8,6,2,0,0,9.46,0.0,7.94,5.75
Israel Reyes 238,ARG,DF,Puebla,24,2001,25,1,138,3,1,4,3,0,1,0,3.09,1.17,3.09,4.18
Oribe Peralta 239,BRA,DF,Tijuana,23,2002,13,1,210,1,5,6,1,0,2,0,0.74,5.05,0.74,5.43
Marco García 240,BRA,FW,Guadalajara,22,2003,3,3,270,7,3,10,5,2,7,0,7.64,0.9,6.12,9.83
Juan Dinenno 242,MEX,MF,Atlas,24,2001,21,16,1575,2,3,5,2,0,6,0,1.08,3.77,1.08,2.38
Fernando Beltrán 243,MEX,MF,Tijuana,26,1999,24,12,1488,2,9,11,2,0,6,0,0.75,8.23,0.75,6.25
Matheus Doria 244,MEX,MF,Querétaro,23,2002,7,6,581,3,5,8,3,0,0,0,3.3,3.96,3.3,5.38
Jorge Sánchez 245,ARG,MF,Puebla,21,2004,13,3,680,2,2,4,2,0,4,0,1.41,0.36,1.41,5.45
José Paradela 246,MEX,DF,Toluca,28,1997,14,9,830,3,0,3,3,0,6,0,3.28,1.43,3.28,4.34
Ricardo Chávez 247,MEX,DF,Cruz Azul,29,1996,22,19,1722,0,1,1,0,0,7,0,0.89,0.24,0.89,3.84
Germán Berterame 248,COL,FW,Necaxa,19,2006,25,15,1740,8,3,11,6,2,1,0,6.26,3.18,4.74,5.48
Florian Ayala 249,MEX,DF,Cruz Azul,24,2001,19,15,1430,1,6,7,1,0,2,0,1.35,5.21,1.35,2.82
Rogelio Funes Mori 250,HON,FW,Atlas,25,2000,23,8,870,11,3,14,10,1,5,0,10.94,3.38,10.18,5.14
Rodrigo Aguirre 251,MEX,FW,Puebla,21,2004,15,2,336,4,4,8,4,0,6,0,0.0,5.13,0.0,6.95
Nicolás Ibanez 252,MEX,GK,UANL,18,2007,25,23,2128,0,0,0,0,0,4,0,0.0,0.0,0.0,2.65
Mauro Lainez 253,MEX,MF,Tijuana,18,2007,17,15,1352,5,0,5,5,0,0,0,6.67,0.0,6.67,2.51
Emanuel Gigliotti 254,MEX,MF,León,29,1996,29,5,1218,3,5,8,3,0,4,0,2.16,6.5,2.16,6.32
Brian Rodríguez 255,BRA,FW,Santos Laguna,24,2001,22,18,1736,10,2,12,8,2,5,0,7.87,1.38,6.35,12.0
Alfredo Talavera 256,HON,FW,UANL,26,1999,7,2,285,8,2,10,8,0,6,0,6.33,0.75,6.33,4.73
Hirving Lozano 257,BRA,GK,Necaxa,21,2004,1,1,90,0,0,0,0,0,2,0,0.0,0.1,0.0,2.7
Rodolfo Pizarro 258,COL,DF,Atlético San Luis,26,1999,1,1,90,1,7,8,1,0,1,0,0.51,8.97,0.51,4.94
Alan Mozo 259,MEX,MF,UANL,29,1996,1,1,90,2,7,9,2,0,1,0,2.05,9.26,2.05,8.55
Armando González 261,MEX,DF,FC Juárez,28,1997,26,1,965,1,1,2,1,0,2,0,1.2,0.11,1.2,3.61
Sebastián Driussi 263,MEX,FW,Tijuana,25,2000,11,4,500,5,3,8,3,2,2,0,5.0,2.79,3.48,6.37
Mauro Manotas 264,URU,DF,Puebla,25,2000,26,25,2277,2,3,5,2,0,0,0,0.69,4.35,0.69,3.66
Luis Romo 265,MEX,FW,UNAM,22,2003,14,3,435,3,1,4,2,1,7,0,1.45,3.88,0.69,6.94
Stiven Barreiro 266,MEX,MF,Mazatlán,30,1995,13,3,290,7,2,9,7,0,5,0,5.73,2.9,5.73,6.63
Lucas Zelarayán 267,ARG,MF,Mazatlán,21,2004,2,1,105,4,3,7,4,0,2,0,4.36,1.38,4.36,7.09
Charly Rodríguez 268,MEX,GK,Pachuca,21,2004,3,1,98,0,0,0,0,0,6,0,1.39,0.38,1.39,1.56
Israel Jiménez 269,MEX,DF,Atlas,33,1992,8,7,664,0,2,2,0,0,1,0,0.11,0.92,0.11,1.34
Paulinho Silva 270,MEX,MF,Guadalajara,24,2001,22,3,593,5,5,10,5,0,7,0,3.35,5.66,3.35,5.59
Erick Aguirre 271,ARG,FW,Mazatlán,23,2002,22,20,1886,6,3,9,4,2,1,0,8.47,3.43,6.95,6.37
Jonathan dos Santos 272,MEX,MF,UANL,18,2007,24,24,2160,2,7,9,2,0,0,0,1.06,7.46,1.06,3.32
Lionel Messi 273,MEX,DF,Guadalajara,33,1992,19,17,1564,0,1,1,0,0,3,0,0.0,0.69,0.0,3.31
Carlos Vela 274,MEX,MF,UNAM,30,1995,18,4,766,3,4,7,3,0,4,0,3.09,2.06,3.09,4.77
Jonathan Orozco 275,ARG,FW,Necaxa,27,1998,18,12,1296,5,7,12,3,2,6,0,3.51,6.24,1.99,10.92
Ismael Govea 276,BRA,DF,Puebla,19,2006,26,4,844,0,1,1,0,0,4,0,0.0,0.65,0.0,3.61
Matheus Doria 277,MEX,GK,Santos Laguna,24,2001,5,0,135,0,0,0,0,0,3,0,0.0,0.17,0.0,3.35
Uriel Antuna 278,MEX,FW,Monterrey,23,2002,26,13,1300,9,2,11,7,2,0,0,4.66,3.45,3.14,5.33
Julio Furch 280,ARG,MF,Cruz Azul,28,1997,23,1,596,3,5,8,3,0,7,0,0.56,4.46,0.56,4.67
Omar Govea 281,ARG,MF,UNAM,32,1993,18,17,1541,3,4,7,3,0,4,0,2.6,1.8,2.6,4.79
Orbelin Pineda 282,MEX,DF,Mazatlán,25,2000,7,0,301,0,2,2,0,0,6,0,2.26,0.0,2.26,3.45
Nico Castillo 283,ARG,DF,UANL,23,2002,21,7,630,1,1,2,1,0,4,0,0.85,0.0,0.85,3.16
Néstor Araujo 284,MEX,MF,UNAM,30,1995,11,0,385,4,7,11,4,0,4,0,6.96,5.02,6.96,7.05
Andrés Guardado 285,MEX,GK,Querétaro,28,1997,9,7,634,0,0,0,0,0,4,0,0.0,1.6,0.0,1.72
César Montes 286,MEX,FW,Querétaro,22,2003,21,12,1278,8,5,13,8,0,3,0,10.31,5.54,10.31,12.0
Rodolfo Cota 287,MEX,FW,Necaxa,24,2001,4,2,226,8,5,13,8,0,4,0,7.12,5.84,7.12,6.98
Pablo Barrera 288,MEX,MF,Toluca,26,1999,18,6,876,4,3,7,4,0,1,0,4.71,3.31,4.71,4.59
Gastón Campi 289,MEX,FW,UNAM,22,2003,28,11,1007,5,2,7,4,1,1,0,1.97,1.88,1.21,10.78
Cucho Hernández 290,MEX,MF,Tijuana,30,1995,7,5,530,2,4,6,2,0,2,0,2.89,3.83,2.89,5.38
Sebastián Córdova 291,MEX,GK,Cruz Azul,30,1995,17,6,672,0,0,0,0,0,6,0,0.0,0.15,0.0,1.45
Facundo Almada 292,MEX,MF,Monterrey,21,2004,6,3,339,3,6,9,3,0,2,0,3.04,4.65,3.04,8.62
José Juan Macías 293,MEX,DF,Querétaro,30,1995,11,10,925,1,5,6,1,0,4,0,1.24,3.89,1.24,2.17
Santiago Giménez 294,MEX,DF,Atlas,33,1992,21,9,1302,1,0,1,1,0,5,0,1.22,0.0,1.22,2.31
Jesús Corona 295,MEX,DF,América,24,2001,7,6,556,1,2,3,1,0,6,0,1.38,2.96,1.38,5.21
Kevin Castañeda 296,MEX,MF,Monterrey,23,2002,18,5,918,3,3,6,3,0,2,0,4.13,0.15,4.13,4.71
Ernesto Vega 297,MEX,FW,Toluca,34,1991,27,25,2338,2,4,6,2,0,7,0,1.06,4.41,1.06,5.53
Henry Martín 298,MEX,FW,Toluca,27,1998,1,1,90,8,4,12,8,0,7,0,7.75,5.3,7.75,12.0
Gastón Campi 299,USA,MF,América,24,2001,10,1,189,7,2,9,7,0,7,1,8.93,0.55,8.93,6.92
Alexis Vega 300,MEX,FW,Puebla,22,2003,22,5,875,6,4,10,6,0,4,0,5.88,3.74,5.88,4.04
Daniel Villalva 301,MEX,MF,Santos Laguna,30,1995,20,12,1368,1,1,2,1,0,5,0,1.14,0.29,1.14,3.65
Héctor Herrera 302,ARG,GK,Querétaro,30,1995,23,4,1139,0,0,0,0,0,2,0,2.77,0.0,2.77,1.53
Johan Vásquez 303,CRC,FW,León,21,2004,10,9,834,7,4,11,6,1,6,0,5.21,4.34,4.45,5.39
Luis Fuentes 304,MEX,GK,Necaxa,28,1997,19,14,1335,0,0,0,0,0,0,0,0.0,0.0,0.0,1.7
Víctor Guzmán 305,MEX,FW,Pachuca,29,1996,11,1,420,7,4,11,7,0,3,0,7.23,4.46,7.23,6.04
Mauricio Reyes 306,MEX,DF,UNAM,31,1994,19,10,1296,0,0,0,0,0,0,0,0.0,0.0,0.0,1.6
Alvarado Ciro 307,MEX,MF,UNAM,30,1995,7,4,435,5,7,12,5,0,7,0,5.19,7.1,5.19,5.8
Diego Lainez 308,MEX,DF,Mazatlán,27,1998,1,1,90,1,0,1,1,0,5,0,1.88,0.0,1.88,1.35
Federico Viñas 309,MEX,MF,UNAM,21,2004,12,6,630,4,3,7,4,0,3,0,6.6,2.0,6.6,4.93
Hugo González 310,ECU,MF,Necaxa,23,2002,1,1,90,1,3,4,1,0,0,0,0.73,3.03,0.73,6.77
Gilberto Sepúlveda 311,MEX,FW,Cruz Azul,26,1999,29,21,2210,6,5,11,4,2,1,0,3.46,5.83,1.94,12.0
Jonathan Rodríguez 312,MEX,MF,UANL,25,2000,2,2,180,3,4,7,3,0,6,0,4.41,5.07,4.41,8.32
Sebastián Jurado 313,MEX,DF,Monterrey,27,1998,19,7,1002,1,1,2,1,0,2,0,3.48,0.3,3.48,2.41
Jürgen Damm 314,MEX,FW,Atlético San Luis,23,2002,28,20,1832,5,1,6,5,0,1,0,3.9,1.31,3.9,3.79
Edson Álvarez 315,BRA,FW,América,28,1997,6,1,205,5,6,11,3,2,2,0,3.02,5.79,1.5,7.96
Rodrigo Huescas 316,USA,FW,Querétaro,24,2001,10,7,645,10,1,11,8,2,5,0,8.59,0.46,7.07,11.02
Guillermo Ochoa 317,MEX,FW,Mazatlán,26,1999,15,11,1110,4,1,5,3,1,4,0,5.43,1.63,4.67,9.06
Efraín Álvarez 318,MEX,GK,Atlético San Luis,22,2003,23,20,1800,0,0,0,0,0,5,0,0.0,0.69,0.0,0.98
Ozziel Herrera 319,ARG,MF,Querétaro,25,2000,26,19,1724,5,2,7,5,0,5,0,8.58,3.42,8.58,9.24
Roberto Alvarado 320,MEX,DF,Pachuca,28,1997,7,4,420,0,5,5,0,0,0,0,0.17,4.13,0.17,4.53
Bruno Valdez 321,MEX,FW,Monterrey,28,1997,25,24,2194,7,2,9,6,1,3,0,10.0,4.43,9.24,10.78
Miguel Layún 322,USA,FW,Toluca,25,2000,12,8,876,6,3,9,4,2,7,0,6.12,3.31,4.6,4.65
Brayton Vidal 323,MEX,MF,Mazatlán,30,1995,21,16,1550,5,6,11,5,0,2,0,2.74,6.5,2.74,5.83
Víctor Dávila 324,BRA,FW,UNAM,26,1999,29,28,2549,3,4,7,1,2,3,0,2.53,2.97,1.01,3.68
André-Pierre Gignac 326,MEX,MF,FC Juárez,32,1993,27,19,1846,3,2,5,3,0,2,0,3.84,1.74,3.84,5.15
Giovani Dos Santos 327,ARG,MF,Atlético San Luis,25,2000,19,11,1102,3,1,4,3,0,1,0,2.7,0.0,2.7,7.03
Israel Reyes 328,ECU,MF,Pachuca,23,2002,18,17,1543,5,1,6,5,0,5,0,5.51,0.19,5.51,7.7
Oribe Peralta 329,URU,MF,Tijuana,27,1998,28,13,1275,2,1,3,2,0,2,0,1.2,1.18,1.2,6.26
Marco García 330,MEX,MF,Mazatlán,23,2002,23,16,1657,2,4,6,2,0,1,0,0.48,5.19,0.48,2.06
Nicolás Vikonis 331,MEX,FW,Guadalajara,31,1994,11,11,990,7,1,8,5,2,3,0,5.4,0.99,3.88,8.5
Juan Dinenno 332,MEX,DF,Atlas,27,1998,8,6,616,0,1,1,0,0,3,1,0.0,2.6,0.0,3.11
Fernando Beltrán 333,COL,DF,Puebla,18,2007,16,10,1134,3,4,7,3,0,3,0,3.98,5.06,3.98,5.16
Matheus Doria 334,MEX,DF,Puebla,30,1995,28,20,1904,0,0,0,0,0,0,0,0.0,0.0,0.0,3.71
Jorge Sánchez 335,MEX,FW,Necaxa,26,1999,8,1,146,11,2,13,10,1,1,0,11.13,0.86,10.37,12.0
José Paradela 336,MEX,FW,Tijuana,23,2002,24,1,573,8,4,12,8,0,4,0,7.65,4.34,7.65,10.61
Ricardo Chávez 337,ARG,MF,Santos Laguna,25,2000,13,0,247,1,4,5,1,0,1,0,2.07,7.74,2.07,2.89
Germán Berterame 338,MEX,DF,Guadalajara,22,2003,13,3,570,3,2,5,3,0,1,0,1.75,1.65,1.75,3.66
Florian Ayala 339,MEX,DF,Querétaro,31,1994,25,23,2156,0,2,2,0,0,6,0,0.0,1.47,0.0,4.13
Rogelio Funes Mori 340,USA,DF,Monterrey,26,1999,28,10,1332,3,3,6,3,0,0,0,4.35,4.57,4.35,7.05
Rodrigo Aguirre 341,COL,MF,Atlético San Luis,29,1996,8,6,622,6,1,7,6,0,6,0,7.56,0.0,7.56,7.02
Nicolás Ibanez 342,MEX,DF,FC Juárez,27,1998,7,1,174,2,0,2,2,0,5,0,2.57,0.0,2.57,2.88
Mauro Lainez 343,MEX,DF,Pachuca,19,2006,21,5,754,1,0,1,1,0,7,0,0.0,0.27,0.0,3.05
Emanuel Gigliotti 344,MEX,MF,Mazatlán,25,2000,27,21,2148,5,2,7,5,0,3,0,5.76,0.47,5.76,9.0
Brian Rodríguez 345,MEX,FW,Cruz Azul,22,2003,12,10,970,11,3,14,9,2,6,0,10.91,0.9,9.39,6.83
Alfredo Talavera 346,MEX,DF,Querétaro,24,2001,25,6,1319,1,0,1,1,0,3,0,0.0,0.0,0.0,2.41
Hirving Lozano 347,ARG,FW,Querétaro,25,2000,7,7,630,2,4,6,2,0,1,0,3.12,5.66,3.12,8.96
Rodolfo Pizarro 348,MEX,FW,Monterrey,24,2001,13,4,369,3,3,6,2,1,0,0,4.59,4.0,3.83,5.71
Raúl Jiménez 350,MEX,FW,UNAM,20,2005,26,22,2132,1,2,3,0,2,0,0,2.89,1.76,1.37,7.42
Armando González 351,MEX,MF,Santos Laguna,27,1998,27,12,1560,2,4,6,2,0,7,0,2.45,4.24,2.45,5.7
Leonardo Suárez 352,MEX,MF,Pachuca,29,1996,4,3,312,1,3,4,1,0,6,0,0.14,4.16,0.14,5.28
Sebastián Driussi 353,ARG,MF,Atlético San Luis,32,1993,3,1,90,4,4,8,4,0,7,0,1.9,5.44,1.9,3.13
Mauro Manotas 354,BRA,DF,Santos Laguna,25,2000,3,3,270,2,2,4,2,0,7,0,4.18,1.52,4.18,4.55
Luis Romo 355,MEX,DF,Pachuca,29,1996,10,4,420,1,3,4,1,0,5,0,2.94,2.44,2.94,4.74
Stiven Barreiro 356,COL,GK,Monterrey,33,1992,13,7,780,0,0,0,0,0,2,0,1.93,0.42,1.93,2.1
Lucas Zelarayán 357,ARG,DF,Toluca,28,1997,3,3,270,1,5,6,1,0,5,1,0.09,6.09,0.09,1.65
Charly Rodríguez 358,COL,DF,León,23,2002,19,3,894,0,2,2,0,0,6,0,1.25,2.57,1.25,2.5
Israel Jiménez 359,URU,FW,Guadalajara,22,2003,22,4,648,5,0,5,5,0,3,0,4.96,0.0,4.96,3.78
Paulinho Silva 360,BRA,DF,América,28,1997,7,4,387,2,2,4,2,0,6,0,3.8,0.0,3.8,5.65
Erick Aguirre 361,USA,DF,León,28,1997,9,0,288,0,1,1,0,0,7,0,0.0,1.92,0.0,4.06
Jonathan dos Santos 362,MEX,DF,Atlético San Luis,29,1996,29,17,1638,0,2,2,0,0,1,0,0.0,3.36,0.0,4.66
Lionel Messi 363,MEX,FW,Mazatlán,22,2003,29,9,1190,6,1,7,4,2,4,0,5.65,0.61,4.13,9.33
Carlos Vela 364,COL,FW,Puebla,20,2005,6,5,480,3,5,8,2,1,7,0,3.39,5.73,2.63,7.95
Jonathan Orozco 365,MEX,FW,Atlas,23,2002,21,11,1060,6,5,11,5,1,5,0,6.12,2.64,5.36,7.94
Ismael Govea 366,BRA,FW,Toluca,20,2005,8,6,590,6,1,7,4,2,4,0,7.2,0.41,5.68,4.96
Matheus Doria 367,MEX,MF,León,19,2006,22,7,1035,0,0,0,0,0,5,0,0.1,0.0,0.1,4.33
Uriel Antuna 368,COL,DF,UANL,34,1991,9,2,376,1,3,4,1,0,6,0,0.66,2.07,0.66,3.78
Julián Araujo 369,MEX,MF,Atlas,18,2007,22,16,1650,5,2,7,5,0,7,0,6.13,1.73,6.13,5.79
Julio Furch 370,MEX,GK,Atlético San Luis,33,1992,13,12,1088,0,0,0,0,0,7,0,1.71,0.0,1.71,1.33
Omar Govea 371,MEX,MF,Querétaro,22,2003,24,18,1692,0,5,5,0,0,5,0,0.97,4.57,0.97,6.74
Orbelin Pineda 372,MEX,MF,Atlético San Luis,29,1996,14,10,1068,6,4,10,6,0,0,0,5.88,6.24,5.88,5.23
Nico Castillo 373,ARG,MF,América,30,1995,25,13,1266,4,2,6,4,0,5,0,3.66,1.83,3.66,3.93
Néstor Araujo 374,MEX,FW,Tijuana,24,2001,27,10,968,4,2,6,3,1,6,0,4.17,1.25,3.41,10.22
Andrés Guardado 375,MEX,FW,León,29,1996,20,16,1588,7,0,7,7,0,3,0,8.14,0.0,8.14,9.83
César Montes 376,COL,DF,Necaxa,28,1997,11,8,792,3,2,5,3,0,5,0,0.68,0.0,0.68,5.25
Rodolfo Cota 377,MEX,MF,Mazatlán,25,2000,25,15,1490,3,2,5,3,0,0,1,2.48,1.55,2.48,2.22
Gastón Campi 379,MEX,MF,América,30,1995,24,10,1194,1,3,4,1,0,5,0,2.69,0.91,2.69,4.69
Cucho Hernández 380,MEX,FW,Toluca,20,2005,7,1,330,7,2,9,5,2,4,0,8.03,2.79,6.51,7.16
Sebastián Córdova 381,MEX,GK,Guadalajara,33,1992,18,10,1036,0,0,0,0,0,5,0,0.0,0.0,0.0,2.24
Facundo Almada 382,MEX,FW,Santos Laguna,28,1997,21,19,1776,7,5,12,6,1,5,0,8.77,5.91,8.01,9.96
José Juan Macías 383,MEX,MF,León,19,2006,27,5,736,2,4,6,2,0,0,0,2.01,2.23,2.01,2.37
Santiago Giménez 384,USA,DF,UNAM,19,2006,17,5,750,1,4,5,1,0,5,0,3.0,3.77,3.0,2.8
Jesús Corona 385,MEX,MF,Toluca,19,2006,9,2,383,7,3,10,7,0,4,0,7.66,3.05,7.66,3.91
Ernesto Vega 387,MEX,FW,Toluca,21,2004,24,3,858,12,2,14,10,2,1,0,11.89,1.26,10.37,12.0
Henry Martín 388,MEX,DF,América,26,1999,21,12,1080,2,0,2,2,0,0,0,1.16,0.09,1.16,3.67
Gastón Campi 389,MEX,FW,Atlas,30,1995,12,4,544,3,3,6,2,1,3,0,1.65,3.41,0.89,7.13
Alexis Vega 390,MEX,FW,Tijuana,26,1999,16,10,1014,3,4,7,1,2,5,0,3.77,3.53,2.25,9.63
Daniel Villalva 391,MEX,MF,Necaxa,26,1999,9,2,320,1,6,7,1,0,0,0,0.0,6.11,0.0,6.8
Héctor Herrera 392,MEX,FW,Atlético San Luis,25,2000,16,3,504,10,4,14,10,0,0,0,9.11,4.26,9.11,10.95
Johan Vásquez 393,MEX,MF,Querétaro,22,2003,13,5,762,6,3,9,6,0,4,0,8.07,5.47,8.07,3.38
Luis Fuentes 394,MEX,MF,UANL,21,2004,22,21,1894,3,1,4,3,0,0,0,3.55,0.0,3.55,4.08
Víctor Guzmán 395,MEX,FW,Tijuana,22,2003,17,11,1176,7,3,10,5,2,2,1,4.94,2.79,3.42,11.69
Mauricio Reyes 396,MEX,FW,Monterrey,24,2001,18,0,378,9,1,10,7,2,5,0,11.25,1.42,9.73,9.24
Alvarado Ciro 397,ARG,FW,UANL,30,1995,6,6,540,3,3,6,1,2,1,0,2.67,3.02,1.15,7.52
Federico Viñas 399,ARG,DF,FC Juárez,26,1999,20,3,831,1,2,3,1,0,0,0,1.77,1.61,1.77,5.22
Hugo González 400,MEX,GK,Querétaro,30,1995,20,9,931,0,0,0,0,0,3,0,0.6,0.96,0.6,2.01
Gilberto Sepúlveda 401,MEX,MF,Atlético San Luis,28,1997,3,1,154,3,4,7,3,0,0,0,3.58,4.45,3.58,2.44
Jonathan Rodríguez 402,ARG,DF,Mazatlán,25,2000,25,5,510,3,3,6,3,0,5,0,3.83,3.04,3.83,6.41
Rodrigo Huescas 406,MEX,MF,Atlas,22,2003,22,17,1745,2,2,4,2,0,4,0,3.93,3.13,3.93,4.03
Guillermo Ochoa 407,ARG,DF,Monterrey,26,1999,23,21,1960,1,1,2,1,0,7,0,1.25,2.14,1.25,4.54
Efraín Álvarez 408,ARG,DF,UNAM,26,1999,23,23,2070,0,2,2,0,0,4,0,0.0,2.91,0.0,4.61
Ozziel Herrera 409,CRC,DF,Querétaro,28,1997,18,3,645,2,2,4,2,0,2,0,4.2,4.52,4.2,4.8
Roberto Alvarado 410,MEX,DF,Pachuca,28,1997,28,24,2280,0,4,4,0,0,0,0,2.52,2.47,2.52,1.6
Bruno Valdez 411,BRA,MF,Mazatlán,22,2003,19,14,1275,1,2,3,1,0,6,0,1.91,0.05,1.91,2.73
Miguel Layún 412,ECU,DF,América,28,1997,8,5,534,1,3,4,1,0,6,0,1.14,1.12,1.14,5.44
Brayton Vidal 413,MEX,GK,Atlas,21,2004,5,1,210,0,0,0,0,0,0,0,0.0,0.0,0.0,0.96
Víctor Dávila 414,MEX,FW,América,31,1994,28,5,1186,5,1,6,4,1,6,0,4.66,1.03,3.9,6.62
Stiven Barreiro 415,USA,DF,Guadalajara,27,1998,3,2,189,0,4,4,0,0,2,0,0.0,4.82,0.0,3.8
André-Pierre Gignac 416,MEX,DF,Guadalajara,26,1999,27,19,2030,0,2,2,0,0,4,0,0.77,1.14,0.77,2.43
Giovani Dos Santos 417,MEX,DF,Tijuana,24,2001,25,6,863,1,1,2,1,0,0,0,0.0,2.07,0.0,4.38
Israel Reyes 418,HON,FW,Cruz Azul,28,1997,25,15,1660,3,4,7,3,0,2,0,0.12,2.26,0.12,8.35
Oribe Peralta 419,COL,MF,Querétaro,24,2001,16,6,980,0,5,5,0,0,0,0,0.0,4.43,0.0,4.49
